handle,title,subs,subs_n,joined,total_views,videos,country,shorts_n,median,max,n_part48,part_median,part_max,nonpart_median,rss_first,rss_last,per_week,part_dated_n,part_first,part_last,part_by_year
@Kakki,カッキー創作チャンネル,チャンネル登録者数 129万人,1290000.0,2015/01/03 に登録,"1,401,328,734回視聴",907 本の動画,日本,48,890000.0,29860000.0,17,640000.0,22350000.0,1050000.0,2026-04-13,2026-10-04,0.6,33,2025/09/02,2026/09/30,"{""2025"": 18, ""2026"": 15}"
@sorotani,そろ谷のアニメっち,チャンネル登録者数 127万人,1270000.0,2021/06/12 に登録,"1,513,622,167回視聴",537 本の動画,日本,48,1875000.0,20760000.0,1,3060000.0,3060000.0,1790000.0,2026-09-03,2026-10-06,3.18,4,2025/12/05,2026/09/11,"{""2025"": 1, ""2026"": 3}"
@MOYARITSU,もやりつの手描きアニメ部屋【FanAnimation MOYARITSU】,チャンネル登録者数 97.9万人,979000.0,2010/06/15 に登録,"785,832,664回視聴",332 本の動画,日本,48,1335000.0,14570000.0,2,4335000.0,7060000.0,1250000.0,2026-06-15,2026-09-28,1.0,14,2025/10/15,2026/01/09,"{""2025"": 10, ""2026"": 4}"
@imoko_iimo,お文具のアニメ,チャンネル登録者数 111万人,1110000.0,2020/01/14 に登録,"410,395,110回視聴",755 本の動画,日本,48,380000.0,830000.0,0,,,380000.0,2026-08-05,2026-10-07,1.67,1,2024/02/21に公開済み,2024/02/21に公開済み,"{""2024"": 1}"
@piyorigo,みっちーのアニメ,チャンネル登録者数 32.8万人,328000.0,2008/02/21 に登録,"140,404,428回視聴",478 本の動画,日本,48,80500.0,1300000.0,1,120000.0,120000.0,80000.0,2026-08-27,2026-10-06,2.62,3,2026/02/22,2026/07/29,"{""2026"": 3}"
@oyubi,おゆびちゃん,チャンネル登録者数 242人,242.0,2021/02/06 に登録,"78,323回視聴",11 本の動画,日本,2,2644.0,3089.0,0,,,2644.0,2021-02-07,2021-08-16,0.41,0,,,{}
@omi_irotoridori,omi_irotoridori,チャンネル登録者数 242人,242.0,2025/03/17 に登録,"131,579回視聴",137 本の動画,日本,47,24.0,3526.0,38,26.0,3526.0,24.0,2026-07-17,2026-09-29,1.42,39,2025/11/05,2026/09/29,"{""2025"": 14, ""2026"": 25}"
@senyopo_moro,セニョポ,チャンネル登録者数 30人,30.0,2018/12/29 に登録,"54,969回視聴",34 本の動画,日本,33,1102.0,5586.0,1,1576.0,1576.0,1067.5,2026-02-12,2026-09-28,0.46,1,2026/02/17,2026/02/17,"{""2026"": 1}"
@karekoreya,混血のカレコレ,チャンネル登録者数 307万人,3070000.0,2019/09/01 に登録,"8,598,777,352回視聴","3,565 本の動画",日本,48,1380000.0,3880000.0,0,,,1380000.0,2026-09-26,2026-10-06,10.5,12,2022/06/09,2025/10/17,"{""2022"": 2, ""2023"": 1, ""2024"": 6, ""2025"": 3}"
@black_orechan,ブラックチャンネル,チャンネル登録者数 130万人,1300000.0,2020/08/20 に登録,"2,131,357,450回視聴","2,160 本の動画",日本,0,,,0,,,,2026-09-18,2026-10-05,6.18,6,2022/07/22,2024/08/23,"{""2022"": 2, ""2023"": 1, ""2024"": 3}"
@flag__chan,全力回避フラグちゃん! / Flag Chan!,チャンネル登録者数 248万人,2480000.0,2019/10/28 に登録,"3,974,737,511回視聴","2,948 本の動画",日本,48,750000.0,2700000.0,0,,,750000.0,2026-10-02,2026-10-07,21.0,4,2023/05/22,2025/08/18,"{""2023"": 2, ""2024"": 1, ""2025"": 1}"
@teipen.official,テイコウペンギン,チャンネル登録者数 213万人,2130000.0,2019/01/06 に登録,"3,992,580,614回視聴","3,367 本の動画",日本,48,36000.0,210000.0,1,190000.0,190000.0,36000.0,2026-10-02,2026-10-07,21.0,1,2024/10/03,2024/10/03,"{""2024"": 1}"
@shishiharakun,女子力高めな獅子原くん【YouTubeアニメ】,チャンネル登録者数 118万人,1180000.0,2020/10/26 に登録,"1,523,806,913回視聴","2,280 本の動画",日本,48,125000.0,1250000.0,0,,,125000.0,2026-09-15,2026-10-06,5.0,3,2023/08/05,2026/06/23,"{""2023"": 2, ""2026"": 1}"
@toogal_moregal_mottogal,ギャルすぎ！~うちの生徒会長がギャルすぎる！~【YouTubeアニメ】,チャンネル登録者数 45.5万人,455000.0,2021/11/28 に登録,"272,730,710回視聴",727 本の動画,日本,48,81000.0,800000.0,1,190000.0,190000.0,80000.0,2026-04-06,2026-07-31,0.91,1,2025/12/22,2025/12/22,"{""2025"": 1}"
@Tigusakun,ちぐさくん【AMPTAK】,チャンネル登録者数 132万人,1320000.0,2019/11/10 に登録,"1,150,081,817回視聴",839 本の動画,日本,48,755000.0,3590000.0,2,705000.0,860000.0,755000.0,2026-09-02,2026-10-06,3.09,8,2024/01/08,2026/08/28,"{""2024"": 5, ""2025"": 1, ""2026"": 2}"
@heppoko_anime,へっぽこアニメ(Heppoko Anime),チャンネル登録者数 10.9万人,109000.0,2024/07/31 に登録,"73,025,081回視聴",365 本の動画,日本,48,78500.0,1160000.0,2,145000.0,160000.0,73500.0,2026-07-29,2026-09-26,1.78,2,2026/02/03,2026/03/18,"{""2026"": 2}"
@maibuanime,マイ部アニメ,チャンネル登録者数 92.3万人,923000.0,2023/07/18 に登録,"1,581,464,472回視聴",302 本の動画,日本,48,5170000.0,31720000.0,0,,,5170000.0,2026-07-27,2026-09-25,1.75,2,2024/01/14,2026/02/01,"{""2024"": 1, ""2026"": 1}"
@yashushi_chr,やしゅし-yashushi-,チャンネル登録者数 1.34万人,13400.0,2024/07/03 に登録,"7,631,725回視聴",343 本の動画,,48,11000.0,81000.0,0,,,11000.0,2026-09-12,2026-10-06,4.38,2,2025/03/07,2025/12/14,"{""2025"": 2}"
@Rse-143,Rse143,チャンネル登録者数 10万人,100000.0,2025/03/31 に登録,"110,903,633回視聴",139 本の動画,イラク,48,225000.0,13090000.0,1,350000.0,350000.0,220000.0,2026-08-01,2026-10-03,1.67,4,2025/11/13,2026/01/10,"{""2025"": 3, ""2026"": 1}"
@%E3%82%BF%E3%82%AB%E3%83%8E%E3%83%A1_illust,タカノメ,チャンネル登録者数 7.15万人,71500.0,2021/10/02 に登録,"65,876,970回視聴",91 本の動画,日本,48,495000.0,6960000.0,25,1810000.0,6960000.0,91000.0,2025-12-08,2026-01-25,2.19,25,2025/10/18,2026/01/17,"{""2025"": 20, ""2026"": 5}"
@HundredNote-Official,ハンドレッドノート / HUNDRED NOTE【公式】,チャンネル登録者数 46.9万人,469000.0,2024/10/15 に登録,"1,012,092,513回視聴","1,696 本の動画",日本,48,165000.0,1170000.0,2,180500.0,300000.0,165000.0,2026-10-02,2026-10-06,26.25,4,2025/10/26,2026/10/05,"{""2025"": 2, ""2026"": 2}"
@alto_magical,魔法少女アルト,チャンネル登録者数 14万人,140000.0,2022/06/21 に登録,"89,816,209回視聴",863 本の動画,日本,48,94500.0,6200000.0,3,510000.0,6200000.0,93000.0,2026-09-12,2026-10-05,4.57,3,2025/08/29,2025/09/21,"{""2025"": 3}"
@nadegataaaa,なで肩,チャンネル登録者数 13.1万人,131000.0,2023/07/19 に登録,"114,624,286回視聴",88 本の動画,日本,48,465000.0,14800000.0,20,3445000.0,14800000.0,290000.0,2025-10-28,2026-07-03,0.42,20,2025/08/24,2026/07/03,"{""2025"": 12, ""2026"": 8}"
@kuroneko_no_asobiba,野良の遊び場【くろねこアニメ】,チャンネル登録者数 20.8万人,208000.0,2020/10/10 に登録,"553,624,088回視聴",802 本の動画,日本,48,365000.0,4950000.0,0,,,365000.0,2026-09-03,2026-10-06,3.18,2,2025/08/09,2026/01/02,"{""2025"": 1, ""2026"": 1}"
@ssmangadiary,SS manga diary-慎本 真-,チャンネル登録者数 98.7万人,987000.0,2020/01/08 に登録,"427,616,035回視聴",990 本の動画,日本,48,100000.0,3600000.0,11,180000.0,480000.0,100000.0,2026-08-18,2026-10-06,2.14,24,2022/10/26,2026/10/06,"{""2022"": 1, ""2023"": 1, ""2025"": 16, ""2026"": 6}"
@zakkuri24CH,zakkuri24,チャンネル登録者数 27.2万人,272000.0,2023/05/28 に登録,"322,827,870回視聴",701 本の動画,日本,48,285000.0,1780000.0,0,,,285000.0,2026-08-31,2026-10-04,3.09,3,2025/08/16,2026/01/04,"{""2025"": 2, ""2026"": 1}"
@oriririo1,oriririo,チャンネル登録者数 2.73万人,27300.0,2020/03/02 に登録,"10,039,275回視聴",208 本の動画,,44,4250.0,46000.0,2,33000.0,46000.0,4124.5,2026-07-26,2026-09-30,1.59,2,2025/11/05,2025/11/30,"{""2025"": 2}"
@aiueooooo123-d4u,めい,チャンネル登録者数 1.31万人,13100.0,2022/11/03 に登録,"9,808,064回視聴",534 本の動画,,48,5871.0,40000.0,0,,,5871.0,2025-09-25,2026-09-19,0.29,3,2023/01/02,2023/02/17,"{""2023"": 3}"
@solidbeats3,そりっどびーつ,チャンネル登録者数 7.78万人,77800.0,2022/06/14 に登録,"19,050,227回視聴",90 本の動画,日本,48,9705.5,1970000.0,4,24000.0,46000.0,9232.0,2025-12-05,2026-04-22,0.76,4,2025/10/06,2026/01/27,"{""2025"": 3, ""2026"": 1}"
@heiwa8808,キュインちゃんねる@HEIWA(ハルルナ),チャンネル登録者数 12.3万人,123000.0,2015/03/10 に登録,"80,219,175回視聴","1,162 本の動画",日本,48,37500.0,360000.0,2,47000.0,59000.0,37500.0,2026-09-17,2026-10-06,5.53,2,2026/06/30,2026/07/07,"{""2026"": 2}"
@MAKIMODOSI,運命の巻戻士 公式チャンネル,チャンネル登録者数 56.8万人,568000.0,2022/03/05 に登録,"781,924,165回視聴","1,271 本の動画",日本,48,280000.0,1380000.0,0,,,280000.0,2026-09-22,2026-10-06,7.5,1,2025/09/17,2025/09/17,"{""2025"": 1}"
@deno-anime,でーのアニメ,チャンネル登録者数 10.3万人,103000.0,2022/04/10 に登録,"97,203,453回視聴",188 本の動画,日本,48,110000.0,4190000.0,1,130000.0,130000.0,110000.0,2025-05-27,2026-06-03,0.28,1,2025/06/22,2025/06/22,"{""2025"": 1}"
@seiyuu_mania,アニマニアックス【アニマニ】,チャンネル登録者数 2.23万人,22300.0,2024/01/23 に登録,"136,219,637回視聴",622 本の動画,日本,48,20000.0,1460000.0,0,,,20000.0,2026-02-27,2026-09-20,0.51,1,2025/12/16,2025/12/16,"{""2025"": 1}"
@namae_001,（ナマエ）,チャンネル登録者数 918人,918.0,2018/08/04 に登録,"114,771回視聴",69 本の動画,日本,41,478.0,13000.0,1,1794.0,1794.0,471.0,2025-12-15,2026-06-24,0.55,1,2025/12/19,2025/12/19,"{""2025"": 1}"
@HOSHI_CH,🌟 / ほし,チャンネル登録者数 37.1万人,371000.0,2021/01/01 に登録,"761,916,002回視聴",331 本の動画,日本,0,,,0,,,,2026-07-19,2026-10-03,1.38,0,,,{}
@hirotama-hirokun,ヒロたま!ヒロくん,チャンネル登録者数 32.4万人,324000.0,2022/08/30 に登録,"364,134,299回視聴",738 本の動画,日本,48,820000.0,3700000.0,1,2180000.0,2180000.0,820000.0,2026-08-14,2026-10-05,2.02,1,2025/10/22,2025/10/22,"{""2025"": 1}"
@Mil_Pro,ミリプロ - MillionProduction -,チャンネル登録者数 47.3万人,473000.0,2023/03/25 に登録,"1,009,960,433回視聴","1,009 本の動画",日本,48,820000.0,3880000.0,3,1810000.0,2030000.0,800000.0,2026-09-24,2026-10-06,8.75,0,,,{}
@kabu_usa,カブウサギ / KabuUsagi🐇🌱,チャンネル登録者数 2.19万人,21900.0,2023/07/17 に登録,"4,629,220回視聴",112 本の動画,,48,31500.0,180000.0,0,,,31500.0,2026-06-07,2026-10-06,0.87,1,2026/02/05,2026/02/05,"{""2026"": 1}"
@bokuwata_ch,ぼくわたチャンネル,チャンネル登録者数 101万人,1010000.0,2022/04/11 に登録,"1,534,132,502回視聴","2,340 本の動画",日本,48,535000.0,4350000.0,0,,,535000.0,2026-09-27,2026-10-06,11.67,1,2025/11/21,2025/11/21,"{""2025"": 1}"
@NijipukaNuhu,虹深°ぬふ / Nijipuka Nuhu,チャンネル登録者数 42.1万人,421000.0,2015/12/20 に登録,"182,805,481回視聴",228 本の動画,日本,48,2145000.0,11360000.0,2,4920000.0,8570000.0,2145000.0,2026-08-19,2026-10-06,2.19,2,2025/09/05,2026/09/02,"{""2025"": 1, ""2026"": 1}"
@SukitouLuccica,透々ルチカ Sukitou Luccica,チャンネル登録者数 3.01万人,30099.999999999996,2023/12/03 に登録,"3,710,921回視聴",357 本の動画,日本,48,10500.0,1690000.0,2,852500.0,1690000.0,10000.0,2026-06-05,2026-08-31,1.21,2,2025/09/28,2026/01/02,"{""2025"": 1, ""2026"": 1}"
@haruho0,HARUHO,チャンネル登録者数 1.22万人,12200.0,2020/05/16 に登録,"12,930,381回視聴",82 本の動画,,48,16000.0,2300000.0,6,22500.0,420000.0,13500.0,2025-10-07,2026-08-11,0.34,6,2025/09/06,2025/10/02,"{""2025"": 6}"
@himarian-0606,himarian,チャンネル登録者数 137人,137.0,2025/09/07 に登録,"81,593回視聴",4 本の動画,,4,9079.5,61000.0,1,61000.0,61000.0,2159.0,2025-09-08,2025-10-02,1.17,1,2025/10/02,2025/10/02,"{""2025"": 1}"
@bihuloa1,びふぉあ🤍🎨 ,チャンネル登録者数 2.45万人,24500.0,2024/03/03 に登録,"15,787,286回視聴",126 本の動画,日本,48,48000.0,3460000.0,2,830000.0,1610000.0,44000.0,2026-01-24,2026-08-28,0.49,2,2025/09/20,2025/12/27,"{""2025"": 2}"
@stickmanlovesstickman,棒人間好きの棒人間 / Stickman Loves Stickman,チャンネル登録者数 6.69万人,66900.0,2024/10/14 に登録,"15,804,656回視聴",65 本の動画,日本,48,16000.0,6330000.0,1,120000.0,120000.0,16000.0,2026-06-27,2026-10-03,1.07,1,2025/12/21,2025/12/21,"{""2025"": 1}"
@parfait_na_anime,ぱるふぇなアニメ,チャンネル登録者数 1660人,1660.0,2025/06/04 に登録,"1,195,849回視聴",361 本の動画,日本,48,2707.5,19000.0,0,,,2707.5,2026-09-18,2026-10-06,5.83,5,2025/06/22,2026/07/05,"{""2025"": 4, ""2026"": 1}"
@miruAnime5,ミルAnime,チャンネル登録者数 1110人,1110.0,2023/09/05 に登録,"271,849回視聴",277 本の動画,,48,1081.0,110000.0,0,,,1081.0,2025-10-06,2026-09-29,0.29,1,2024/06/08,2024/06/08,"{""2024"": 1}"
@ritatictic,りいたの遊びば,チャンネル登録者数 5.41万人,54100.0,2020/02/05 に登録,"6,454,345回視聴",327 本の動画,日本,48,16000.0,31000.0,6,19500.0,21000.0,15500.0,2026-03-27,2026-08-30,0.67,7,2026/01/04,2026/04/01,"{""2026"": 7}"
@Ao-0405,アオ。 💫🎨,チャンネル登録者数 1290人,1290.0,2021/09/04 に登録,"1,127,122回視聴",40 本の動画,,35,2957.0,360000.0,2,215000.0,330000.0,2923.0,2024-10-07,2025-03-16,0.66,2,2024/08/13,2024/08/19,"{""2024"": 2}"
@mekuru1koma,,,,,,,,,,,,,,,,,,,,,
@Konchaaaaaaaa,こんじゅりチャ,チャンネル登録者数 126万人,1260000.0,2022/11/09 に登録,"1,990,109,775回視聴","1,289 本の動画",日本,48,1075000.0,4180000.0,0,,,1075000.0,2026-09-28,2026-10-06,13.12,1,2025/09/20,2025/09/20,"{""2025"": 1}"
@GallatiZoss,Gallati Zoss,チャンネル登録者数 4.57万人,45700.0,2025/06/14 に登録,"37,680,726回視聴",453 本の動画,日本,48,22000.0,3400000.0,0,,,22000.0,2026-02-24,2026-07-31,0.67,2,2025/12/03,2025/12/05,"{""2025"": 2}"
@jeltooi,ジェルちゃんねる【すとぷり】,チャンネル登録者数 310万人,3100000.0,2015/12/20 に登録,"3,750,721,979回視聴","1,832 本の動画",日本,48,2610000.0,6720000.0,0,,,2610000.0,2026-09-14,2026-10-06,4.77,3,2025/05/31,2025/06/24,"{""2025"": 3}"
@riinukun,莉犬くん【すとぷり】,チャンネル登録者数 232万人,2320000.0,2017/01/10 に登録,"1,594,948,070回視聴","1,043 本の動画",日本,48,370000.0,3020000.0,0,,,370000.0,2026-09-21,2026-10-07,6.56,3,2024/02/19,2024/03/21,"{""2024"": 3}"
@ireisu,いれいす【公式】,チャンネル登録者数 122万人,1220000.0,2020/09/29 に登録,"1,098,122,830回視聴","2,629 本の動画",日本,48,66500.0,140000.0,0,,,66500.0,2026-09-22,2026-10-04,8.75,2,2024/12/25,2025/01/31,"{""2024"": 1, ""2025"": 1}"
@sixfonia,シクフォニ【SIXFONIA】,チャンネル登録者数 132万人,1320000.0,2022/07/02 に登録,"747,436,617回視聴","1,444 本の動画",日本,48,420000.0,4200000.0,0,,,420000.0,2026-09-21,2026-10-06,7.0,0,,,{}
@amenokosame,雨乃こさめ【シクフォニ】,チャンネル登録者数 16.8万人,168000.0,2020/05/01 に登録,"85,437,696回視聴",344 本の動画,日本,48,175000.0,3160000.0,2,190000.0,200000.0,170000.0,2026-08-05,2026-10-06,1.69,3,2025/12/14,2026/01/02,"{""2025"": 2, ""2026"": 1}"
@amuseshort,アミューズ公式【ショートアニメ】,チャンネル登録者数 2920人,2920.0,2025/02/01 に登録,"745,115回視聴",202 本の動画,日本,48,2864.0,8404.0,1,2856.0,2856.0,2872.0,2026-08-23,2026-10-03,2.56,2,2026/04/05,2026/06/28,"{""2026"": 2}"
@anime.japan.3d_TKG,Anime JAPAN 3D @TKG,チャンネル登録者数 221人,221.0,2025/10/10 に登録,"190,679回視聴",61 本の動画,日本,48,1404.0,19000.0,2,12876.0,19000.0,1281.0,2025-12-01,2025-12-16,7.0,2,2025/11/07,2025/11/17,"{""2025"": 2}"
@kide_arsa,きであるさ / kidearsa,チャンネル登録者数 7230人,7230.0,2020/01/07 に登録,"7,422,995回視聴",477 本の動画,,48,11000.0,62000.0,0,,,11000.0,2026-09-22,2026-10-05,8.08,1,2025/11/29,2025/11/29,"{""2025"": 1}"
@ysgy.oekaki,やさぎ野,チャンネル登録者数 289人,289.0,2025/06/28 に登録,"57,887回視聴",4 本の動画,,3,13000.0,25000.0,1,25000.0,25000.0,8417.0,2025-12-25,2026-01-25,0.9,1,2026/01/25,2026/01/25,"{""2026"": 1}"
@mame_7174,まめまめの趣味記録,チャンネル登録者数 1030人,1030.0,2022/11/14 に登録,"1,237,687回視聴",430 本の動画,日本,48,1648.0,16000.0,0,,,1648.0,2026-09-07,2026-10-05,3.75,1,2025/12/18,2025/12/18,"{""2025"": 1}"
@iroiroiro_vt,色々いろ@元人事・給与と歌のおねえさんV,チャンネル登録者数 1370人,1370.0,2024/10/14 に登録,"438,180回視聴",340 本の動画,日本,48,1067.5,59000.0,0,,,1067.5,2026-09-15,2026-10-05,5.25,1,2025/09/11,2025/09/11,"{""2025"": 1}"
@12m0channel,いずもゆう,チャンネル登録者数 5060人,5060.0,2020/04/05 に登録,"456,632回視聴",109 本の動画,日本,48,675.5,260000.0,1,260000.0,260000.0,659.0,2026-03-17,2026-09-29,0.54,1,2025/09/18,2025/09/18,"{""2025"": 1}"
@Kunorrin335,くのりん(絢都くのり)⭐️20時shorts投稿♡元FCNo.335すみっコマスター,チャンネル登録者数 7240人,7240.0,2020/12/19 に登録,"2,482,879回視聴",651 本の動画,日本,48,1678.5,3704.0,0,,,1678.5,2026-08-17,2026-09-23,2.84,3,2025/09/16,2025/11/03,"{""2025"": 3}"
@VEE_official,VEE official channel,チャンネル登録者数 1.58万人,15800.0,2019/10/26 に登録,"1,937,865回視聴",349 本の動画,日本,48,3588.5,31000.0,3,4262.0,26000.0,3506.0,2026-06-23,2026-07-14,5.0,0,,,{}
@linku_no_sagyouba,リンクの作業場 / Link&#39;s Workspace,チャンネル登録者数 1000人,1000.0,2025/09/21 に登録,"1,811,710回視聴",102 本の動画,アメリカ合衆国,48,1885.5,24000.0,9,4196.0,24000.0,1524.0,2026-09-02,2026-10-06,3.09,9,2026/07/29,2026/10/02,"{""2026"": 9}"
@%E3%83%88%E3%82%AD%E3%82%A4%E3%83%81-l6b,トキイチ,チャンネル登録者数 6140人,6140.0,2019/10/27 に登録,"2,487,877回視聴",48 本の動画,,10,8472.0,150000.0,1,150000.0,150000.0,7323.0,2021-09-16,2022-08-23,0.31,1,2021/10/16,2021/10/16,"{""2021"": 1}"
@angel0_0zpt,angel / えんじぇる,チャンネル登録者数 66.9万人,669000.0,2020/05/31 に登録,"579,931,854回視聴","2,950 本の動画",日本,48,11000.0,170000.0,2,11500.0,13000.0,11000.0,2026-08-27,2026-10-06,2.62,4,2023/08/06,2026/07/21,"{""2023"": 1, ""2024"": 1, ""2026"": 2}"
@%E3%81%BF%E3%81%8B%E3%82%93-m125,みかん,チャンネル登録者数 40人,40.0,2021/03/31 に登録,"13,354回視聴",10 本の動画,,10,527.0,4564.0,1,4553.0,4553.0,520.0,2023-04-22,2024-09-13,0.14,1,2024/02/03,2024/02/03,"{""2024"": 1}"
@pyapycat,ぴゃぴ,チャンネル登録者数 1.12万人,11200.000000000002,2024/03/06 に登録,"8,973,559回視聴",85 本の動画,日本,48,17000.0,1060000.0,1,10000.0,10000.0,18000.0,2025-05-04,2026-09-26,0.21,1,2024/03/14,2024/03/14,"{""2024"": 1}"
@kokoneko0809,ここねこ💎,チャンネル登録者数 167人,167.0,2023/07/01 に登録,"15,734回視聴",19 本の動画,,19,459.0,2202.0,1,782.0,782.0,445.5,2025-06-21,2026-08-19,0.25,1,2025/08/11,2025/08/11,"{""2025"": 1}"
@nakachiko_ch,ナカチコChannel,チャンネル登録者数 9690人,9690.0,2022/02/28 に登録,"8,626,298回視聴",120 本の動画,,48,17000.0,450000.0,7,14000.0,66000.0,18000.0,2022-12-12,2023-04-15,0.85,7,2022/10/15,2022/11/16,"{""2022"": 7}"
@hiyokko-kaachan,ひよっこかあちゃん,チャンネル登録者数 11.4万人,114000.0,2022/10/08 に登録,"30,964,648回視聴",70 本の動画,日本,48,17500.0,890000.0,1,13000.0,13000.0,18000.0,2026-07-10,2026-10-02,1.25,1,2026/02/20,2026/02/20,"{""2026"": 1}"
@ikinuki_0609,いきぬき,チャンネル登録者数 1.44万人,14400.0,2019/06/09 に登録,"1,332,822回視聴",202 本の動画,日本,48,4285.0,29000.0,2,5413.0,6365.0,4233.0,2023-08-05,2026-06-10,0.1,2,2021/05/20,2021/12/19,"{""2021"": 2}"
@pairmaru,ぺあまる | 恋愛キャラ界隈,チャンネル登録者数 59人,59.0,2025/10/07 に登録,"43,935回視聴",21 本の動画,日本,21,828.0,13000.0,1,1626.0,1626.0,759.0,2026-05-26,2026-08-13,1.33,1,2026/07/23,2026/07/23,"{""2026"": 1}"
@%E7%99%BB%E9%8C%B2%E3%81%97%E3%81%A6%E3%81%AD-s6b,ほけまる,チャンネル登録者数 101人,101.0,2022/06/04 に登録,"69,384回視聴",65 本の動画,,27,1749.0,29000.0,1,2781.0,2781.0,1712.5,2026-03-23,2026-09-26,0.56,1,2025/08/06,2025/08/06,"{""2025"": 1}"
@mizuiro_mizuchan,みずいろみずちゃん,チャンネル登録者数 60人,60.0,2025/08/28 に登録,"95,259回視聴",185 本の動画,日本,48,345.5,1621.0,0,,,345.5,2026-09-03,2026-10-06,3.18,1,2025/12/04,2025/12/04,"{""2025"": 1}"
@SayamaMaya,さやま まや【お絵描きVTuber】Sayama Maya,チャンネル登録者数 4570人,4570.0,2019/09/15 に登録,"1,139,898回視聴",227 本の動画,日本,48,1577.0,58000.0,2,1135.0,1219.0,1627.5,2025-04-12,2026-10-04,0.19,3,2021/12/26に公開済み,2026/05/10,"{""2021"": 1, ""2025"": 1, ""2026"": 1}"
@%E3%82%8F%E3%82%89%E3%81%B3%E3%82%82%E3%81%A3%E3%81%A1%E3%81%83%E3%83%BC,わらびもち,チャンネル登録者数 591人,591.0,2015/08/17 に登録,"187,785回視聴",76 本の動画,,48,1285.0,12000.0,1,319.0,319.0,1330.0,2026-07-12,2026-10-06,1.22,1,2025/05/30,2025/05/30,"{""2025"": 1}"
@%E3%82%AB%E3%83%8C%E3%83%AC%E3%81%8C%E5%A5%BD%E3%81%8D%E3%81%AA%E3%82%93%E3%81%98%E3%82%83,カヌレが好きなんじゃ,チャンネル登録者数 720人,720.0,2016/08/13 に登録,"128,179回視聴",76 本の動画,,48,401.0,46000.0,2,1617.0,2800.0,381.5,2024-03-05,2024-11-22,0.4,2,2023/05/24,2024/11/22,"{""2023"": 1, ""2024"": 1}"
@yakume,ヤクザと目つきの悪い女刑事の話 - 『ヤク目』,チャンネル登録者数 52.6万人,526000.0,2020/04/07 に登録,"331,562,571回視聴","1,261 本の動画",日本,48,5500.0,32000.0,0,,,5500.0,2026-08-13,2026-10-05,1.98,1,2022/12/17,2022/12/17,"{""2022"": 1}"
@Instructor.Shinobu,しのブ。,チャンネル登録者数 11.9万人,119000.0,2023/12/01 に登録,"199,188,238回視聴",769 本の動画,,48,71000.0,250000.0,0,,,71000.0,2026-09-22,2026-10-06,7.5,1,2025/08/27,2025/08/27,"{""2025"": 1}"
@%E8%A3%8F,裏極ちゃんねる / キワミン&amp;キワネコ,チャンネル登録者数 7.6万人,76000.0,2023/03/29 に登録,"73,888,134回視聴","2,151 本の動画",日本,48,15000.0,180000.0,0,,,15000.0,2026-08-30,2026-09-21,4.77,2,2025/11/18,2025/11/22,"{""2025"": 2}"
@Yuki86869,ゆき,チャンネル登録者数 1950人,1950.0,2018/02/09 に登録,"1,453,005回視聴","1,027 本の動画",,48,1271.5,7217.0,0,,,1271.5,2026-08-11,2026-09-19,2.69,1,2025/05/09,2025/05/09,"{""2025"": 1}"
@monkeyrand-youtube,モンキーランド monkeyrand,チャンネル登録者数 3.11万人,31100.0,2022/09/27 に登録,"22,421,405回視聴",322 本の動画,日本,48,33000.0,600000.0,4,50500.0,85000.0,33000.0,2024-02-24,2024-04-02,2.76,7,2023/08/08,2024/02/21,"{""2023"": 4, ""2024"": 3}"
@rinyou_v,燐葉はづき,チャンネル登録者数 479人,479.0,2023/02/28 に登録,"52,553回視聴",513 本の動画,日本,24,269.0,2135.0,1,2135.0,2135.0,242.0,2026-09-10,2026-10-04,4.38,1,2025/04/24,2025/04/24,"{""2025"": 1}"
@nonnoch-kaminoseki,のんのちゃんねる　-山口県上関町公式VTuber-,チャンネル登録者数 1.79万人,17900.0,2024/02/02 に登録,"14,544,492回視聴",270 本の動画,日本,48,7849.0,250000.0,0,,,7849.0,2026-08-15,2026-10-04,2.1,1,2025/10/18,2025/10/18,"{""2025"": 1}"
@293Project,293Project,チャンネル登録者数 44.2万人,442000.0,2016/07/03 に登録,"172,287,670回視聴",200 本の動画,日本,48,130000.0,1890000.0,2,625000.0,740000.0,120000.0,2026-03-03,2026-09-16,0.53,2,2025/10/31,2025/10/31,"{""2025"": 2}"
@AnimationOfAmata,アマタのアニメ,チャンネル登録者数 2260人,2260.0,2013/12/06 に登録,"666,989回視聴",98 本の動画,日本,45,2158.0,440000.0,5,3091.0,4828.0,2078.0,2026-09-10,2026-10-06,4.04,5,2026/07/25,2026/09/06,"{""2026"": 5}"
@MAD_GeniusSociety,You宇宙部@MAD天才クラブ,チャンネル登録者数 5.78万人,57800.0,2024/03/26 に登録,"34,111,623回視聴",822 本の動画,日本,48,7315.5,37000.0,1,37000.0,37000.0,7252.0,2026-09-23,2026-10-07,7.5,4,2026/07/10,2026/08/28,"{""2026"": 4}"
@Mixstgirls,Mixstgirls / ミクスト公式,チャンネル登録者数 17.7万人,177000.0,2024/05/10 に登録,"40,660,067回視聴",407 本の動画,日本,48,8643.5,32000.0,2,7191.0,7706.0,9241.0,2026-08-14,2026-09-28,2.33,4,2026/01/31,2026/04/26,"{""2026"": 4}"
@Kokorone_09,Yusura ch -心愛音ゆすら-,チャンネル登録者数 1850人,1850.0,2021/07/24 に登録,"1,199,148回視聴",116 本の動画,日本,48,4568.5,42000.0,3,5368.0,42000.0,4437.0,2026-07-15,2026-10-06,1.27,5,2025/11/05,2026/09/09,"{""2025"": 1, ""2026"": 4}"
@PokemonCoJp,ポケモン公式YouTubeチャンネル,チャンネル登録者数 407万人,4070000.0,2012/03/07 に登録,"2,122,864,923回視聴","2,596 本の動画",日本,48,110000.0,3590000.0,0,,,110000.0,2026-09-30,2026-10-07,15.0,2,2026/02/26,2026/03/11,"{""2026"": 2}"
@Amayo_liz,雨夜リズ / Amayo Liz,チャンネル登録者数 22.6万人,226000.0,2025/02/04 に登録,"77,855,750回視聴",288 本の動画,日本,48,345000.0,2350000.0,2,1065000.0,1670000.0,305000.0,2026-09-10,2026-10-04,4.38,3,2026/01/24,2026/07/30,"{""2026"": 3}"
@moppikgmn,もっぴ,チャンネル登録者数 183人,183.0,2023/09/10 に登録,"71,653回視聴",6 本の動画,,6,935.0,60000.0,1,60000.0,60000.0,572.0,2023-11-04,2026-08-22,0.04,1,2025/10/30,2025/10/30,"{""2025"": 1}"
@migawari-creation,みがわりクリエイション,チャンネル登録者数 12.4万人,124000.0,2023/10/11 に登録,"47,616,750回視聴",249 本の動画,日本,42,37500.0,970000.0,1,40000.0,40000.0,36000.0,2026-08-26,2026-10-03,2.76,1,2025/10/09,2025/10/09,"{""2025"": 1}"
@nekorisu,ねこりす東方アニメーション,チャンネル登録者数 7570人,7570.0,2017/12/12 に登録,"1,748,188回視聴",594 本の動画,日本,48,2257.0,9315.0,0,,,2257.0,2026-08-19,2026-10-06,2.19,1,2025/12/08,2025/12/08,"{""2025"": 1}"
@popapapa-pa,ぽぱい,チャンネル登録者数 1.9万人,19000.0,2022/02/25 に登録,"6,982,370回視聴",34 本の動画,,30,130000.0,1040000.0,2,245000.0,270000.0,120000.0,2026-04-08,2026-08-30,0.73,2,2026/02/01,2026/04/17,"{""2026"": 2}"
@kuromame-h7d,くろまめ,チャンネル登録者数 1.75万人,17500.0,2026/03/14 に登録,"16,755,735回視聴",86 本の動画,日本,48,22500.0,590000.0,1,13000.0,13000.0,23000.0,2026-09-11,2026-09-28,6.18,1,2026/09/04,2026/09/04,"{""2026"": 1}"
@2k_kirina,きりなこ,チャンネル登録者数 584人,584.0,2024/03/20 に登録,"85,792回視聴",16 本の動画,,14,2993.5,31000.0,1,31000.0,31000.0,2782.0,2024-12-30,2025-10-05,0.38,1,2024/12/29,2024/12/29,"{""2024"": 1}"
@%E3%82%86%E3%82%81%E3%81%86%E3%82%86%E3%81%84,ゆめう ゆいの創作部屋,チャンネル登録者数 2.79万人,27900.0,2015/08/19 に登録,"15,744,005回視聴",905 本の動画,日本,48,14000.0,140000.0,0,,,14000.0,2026-08-19,2026-10-05,2.23,2,2025/09/09,2025/09/21,"{""2025"": 2}"
@ponzu_f6b,ぽんず,チャンネル登録者数 681人,681.0,2025/08/31 に登録,"362,327回視聴",45 本の動画,,36,2243.5,120000.0,2,63883.0,120000.0,2148.5,2025-11-12,2026-05-10,0.59,2,2025/09/10,2025/09/15,"{""2025"": 2}"
@BeeDomina,Bee Domina,チャンネル登録者数 1050人,1050.0,2021/02/24 に登録,"452,647回視聴",30 本の動画,日本,30,12000.0,75000.0,24,13000.0,23000.0,2539.5,2026-06-25,2026-10-05,1.03,24,2025/12/14,2026/10/03,"{""2025"": 1, ""2026"": 23}"
@Ebihuraii,エビフライ / Ebihurai,チャンネル登録者数 26.6万人,266000.0,2020/11/23 に登録,"165,418,860回視聴",297 本の動画,日本,48,430000.0,2220000.0,1,750000.0,750000.0,430000.0,2026-08-26,2026-10-03,2.76,1,2025/11/12,2025/11/12,"{""2025"": 1}"
@laraa4467,ララァ⋆͛♥︎,チャンネル登録者数 81.1万人,811000.0,2021/04/10 に登録,"1,635,709,413回視聴",356 本の動画,日本,48,2190000.0,6520000.0,2,2805000.0,3250000.0,2095000.0,2026-08-21,2026-10-04,2.39,3,2025/10/26,2026/08/21,"{""2025"": 1, ""2026"": 2}"
@komileinch,こみレイン,チャンネル登録者数 1960人,1960.0,2025/06/20 に登録,"2,469,919回視聴",165 本の動画,日本,48,1488.0,190000.0,2,123500.0,190000.0,1461.0,2025-12-14,2026-01-15,3.28,3,2025/09/15,2025/10/16,"{""2025"": 3}"
@parako,私立パラの丸高校,チャンネル登録者数 133万人,1330000.0,2022/05/10 に登録,"2,535,005,063回視聴","2,066 本の動画",日本,48,315000.0,2010000.0,1,410000.0,410000.0,310000.0,2026-10-03,2026-10-07,26.25,2,2026/04/26,2026/10/04,"{""2026"": 2}"
@Akubi.demonspade,あくび・でもんすぺーど / Akubi Demonspade ,チャンネル登録者数 52.7万人,527000.0,2023/09/07 に登録,"157,534,806回視聴",349 本の動画,日本,48,900000.0,4120000.0,3,1320000.0,1520000.0,890000.0,2026-08-14,2026-10-02,2.14,3,2025/01/30,2026/07/30,"{""2025"": 2, ""2026"": 1}"
@yuusuube,yuusuube,チャンネル登録者数 4.05万人,40500.0,2020/05/27 に登録,"17,743,976回視聴",278 本の動画,日本,48,115000.0,2040000.0,44,120000.0,2040000.0,38500.0,2023-02-24,2023-07-08,0.78,44,2022/06/03,2023/07/07,"{""2022"": 27, ""2023"": 17}"
@%E3%82%84%E3%82%80%E3%81%B2%E3%81%A8,やむ,チャンネル登録者数 14.9万人,149000.0,2021/03/13 に登録,"92,397,546回視聴","1,044 本の動画",日本,48,27500.0,64000.0,0,,,27500.0,2026-04-25,2026-09-27,0.68,1,2022/06/11,2022/06/11,"{""2022"": 1}"
@Sionpk,SION /紫音,チャンネル登録者数 584万人,5840000.0,2013/02/05 に登録,"11,988,080,063回視聴","5,006 本の動画",日本,48,155000.0,3700000.0,4,340000.0,740000.0,145000.0,2026-10-03,2026-10-07,26.25,5,2022/02/23,2026/10/06,"{""2022"": 1, ""2026"": 4}"
@goukiBOOK,ゴウキブック,チャンネル登録者数 80.3万人,803000.0,2013/09/23 に登録,"893,696,915回視聴","1,657 本の動画",日本,48,4440.5,34000.0,0,,,4440.5,2026-07-24,2026-09-10,2.19,1,2022/08/09,2022/08/09,"{""2022"": 1}"
@Bombernyan,ボンバーにゃん,チャンネル登録者数 9430人,9430.0,2024/03/04 に登録,"2,005,498回視聴",28 本の動画,日本,28,35000.0,470000.0,4,75500.0,160000.0,35000.0,2026-06-22,2026-08-23,1.69,4,2026/06/16,2026/07/13,"{""2026"": 4}"
@syukan_man3,週刊マンスリー,チャンネル登録者数 12.2万人,122000.0,2023/11/14 に登録,"149,914,929回視聴",806 本の動画,日本,48,12500.0,59000.0,0,,,12500.0,2026-09-17,2026-10-04,6.18,1,2025/12/20,2025/12/20,"{""2025"": 1}"
@Chuchu_Nichijo_Anim,ちゅうちゅうマン日常アニメ,チャンネル登録者数 250人,250.0,2020/03/04 に登録,"332,958回視聴",88 本の動画,,0,,,0,,,,2026-06-06,2026-10-03,0.88,1,2025/09/12,2025/09/12,"{""2025"": 1}"
@oyajikun_anime,おやじ君のアニメ🔥OYAJIKUN,チャンネル登録者数 1180人,1180.0,2012/05/28 に登録,"1,317,389回視聴",283 本の動画,日本,48,44.5,1709.0,0,,,44.5,2026-04-15,2026-10-04,0.61,1,2025/12/20,2025/12/20,"{""2025"": 1}"
@kuni_92,くにくんOfficial,チャンネル登録者数 8.22万人,82200.0,2019/11/14 に登録,"9,396,567回視聴",228 本の動画,日本,48,34000.0,250000.0,1,79000.0,79000.0,34000.0,2026-08-02,2026-10-03,1.69,1,2025/02/07,2025/02/07,"{""2025"": 1}"
@Takoyaki-kinako,たこ焼ききなこ,チャンネル登録者数 344人,344.0,2013/05/15 に登録,"157,412回視聴",87 本の動画,,48,1502.0,17000.0,0,,,1502.0,2026-02-14,2026-03-26,2.62,1,2025/06/19,2025/06/19,"{""2025"": 1}"
@Whitecookie501,ホワイトクッキー,チャンネル登録者数 1960人,1960.0,2023/01/04 に登録,"1,216,077回視聴",193 本の動画,,48,1858.0,110000.0,1,13000.0,13000.0,1845.0,2025-11-24,2026-09-29,0.34,1,2024/12/25,2024/12/25,"{""2024"": 1}"
@%E4%B8%89%E7%80%AC%E3%81%97%E3%82%85%E3%81%86,三瀬 しゅう,チャンネル登録者数 9110人,9110.0,2023/03/05 に登録,"2,622,090回視聴",47 本の動画,,45,24000.0,680000.0,1,10000.0,10000.0,24000.0,2025-05-11,2026-05-11,0.29,1,2026/01/03,2026/01/03,"{""2026"": 1}"
@catdeer,鹿もどき,チャンネル登録者数 569人,569.0,2021/09/18 に登録,"95,297回視聴",51 本の動画,日本,48,1352.0,16000.0,2,6433.0,11000.0,1222.0,2025-12-18,2026-04-04,0.98,2,2025/12/29,2026/02/15,"{""2025"": 1, ""2026"": 1}"
@threeface_illustrator,さんめん【厚塗り背景イラスト解説】,チャンネル登録者数 2.56万人,25600.0,2024/08/24 に登録,"9,567,904回視聴",84 本の動画,日本,44,31000.0,5600000.0,1,31000.0,31000.0,31000.0,2026-03-13,2026-06-13,1.14,1,2026/03/13,2026/03/13,"{""2026"": 1}"
@fash,FASH,チャンネル登録者数 1560万人,15600000.0,2022/06/08 に登録,"5,087,731,410回視聴","1,063 本の動画",アメリカ合衆国,48,190000.0,6090000.0,1,1220000.0,1220000.0,190000.0,2026-08-30,2026-09-29,3.5,2,2025/10/04,2026/08/18,"{""2025"": 1, ""2026"": 1}"
@nenes_black,ドラゴンボール超•雑学,チャンネル登録者数 2.89万人,28900.0,2023/07/30 に登録,"186,421,744回視聴",305 本の動画,,48,620000.0,3260000.0,0,,,620000.0,2026-09-15,2026-10-01,6.56,1,2025/07/12,2025/07/12,"{""2025"": 1}"
@meguru-youtube,【公式】めぐる株式会社,チャンネル登録者数 474人,474.0,2025/03/27 に登録,"446,759回視聴",43 本の動画,日本,43,2872.0,95000.0,9,10000.0,95000.0,2495.5,2026-02-13,2026-04-17,1.67,9,2025/08/15,2026/02/13,"{""2025"": 3, ""2026"": 6}"
@neko_ichi_san,ねこいちさん【第一三共ヘルスケア】,チャンネル登録者数 3470人,3470.0,2022/02/07 に登録,"3,254,114回視聴",257 本の動画,日本,48,2032.0,140000.0,4,5984.0,51000.0,1952.5,2026-06-16,2026-09-16,1.14,4,2025/08/27,2026/06/22,"{""2025"": 3, ""2026"": 1}"
@AmakamiKonomi,甘狼このみ / AmakamiKonomi🐺🍫,チャンネル登録者数 86.6万人,866000.0,2022/07/11 に登録,"571,007,746回視聴","1,100 本の動画",日本,48,670000.0,4820000.0,2,820000.0,1030000.0,670000.0,2026-09-17,2026-09-29,8.75,3,2023/03/20,2026/04/27,"{""2023"": 1, ""2025"": 1, ""2026"": 1}"
@StrawberryPrince,すとぷりちゃんねる,チャンネル登録者数 462万人,4620000.0,2017/02/01 に登録,"3,604,781,429回視聴","3,097 本の動画",日本,48,180000.0,1080000.0,0,,,180000.0,2026-09-27,2026-10-06,11.67,1,2024/02/19,2024/02/19,"{""2024"": 1}"
@AMPTAKxCOLORS,AMPTAKxCOLORS(アンプタックカラーズ),チャンネル登録者数 183万人,1830000.0,2022/07/30 に登録,"864,734,600回視聴","1,221 本の動画",日本,48,675000.0,1810000.0,2,1040000.0,1100000.0,655000.0,2026-08-17,2026-10-04,2.19,3,2024/02/02,2025/07/22,"{""2024"": 1, ""2025"": 2}"
@ataroooo,,,,,,,,,,,,,,,,,,,,,
@Lucaproduction-official,Lucaプロダクション,チャンネル登録者数 34人,34.0,2023/10/01 に登録,"5,897回視聴",33 本の動画,,33,96.0,1192.0,3,404.0,545.0,95.0,2023-10-27,2024-04-05,0.65,0,,,{}
@AnimasiMatPoyo,Animasi Mat Poyo,チャンネル登録者数 8.46万人,84600.00000000001,2010/08/07 に登録,"42,755,533回視聴",74 本の動画,マレーシア,33,120000.0,9120000.0,7,100000.0,7430000.0,120000.0,2025-11-26,2026-06-18,0.51,7,2025/11/26,2026/04/19,"{""2025"": 4, ""2026"": 3}"
@ShiinaYuika,椎名唯華 / Shiina Yuika,チャンネル登録者数 91.3万人,913000.0,2018/07/27 に登録,"445,395,258回視聴","2,877 本の動画",日本,48,190000.0,1710000.0,0,,,190000.0,2026-09-21,2026-10-05,7.5,1,2026/01/15,2026/01/15,"{""2026"": 1}"
@HakuiKoyori,Koyori ch. 博衣こより - holoX -,チャンネル登録者数 138万人,1380000.0,2021/09/11 に登録,"769,405,092回視聴","3,499 本の動画",日本,48,87500.0,490000.0,1,240000.0,240000.0,87000.0,2026-10-02,2026-10-06,26.25,1,2026/07/19,2026/07/19,"{""2026"": 1}"
@hololive,hololive ホロライブ - VTuber Group,チャンネル登録者数 297万人,2970000.0,2016/03/03 に登録,"2,680,621,309回視聴","2,111 本の動画",日本,48,1560000.0,9100000.0,1,1730000.0,1730000.0,1500000.0,2026-09-21,2026-10-05,7.5,2,2025/05/12,2026/07/20,"{""2025"": 1, ""2026"": 1}"
@NutshellAnimations,Nutshell Animations,チャンネル登録者数 1090万人,10900000.0,2018/06/18 に登録,"12,906,774,842回視聴","5,285 本の動画",カナダ,48,130000.0,1190000.0,0,,,130000.0,2026-10-02,2026-10-06,26.25,2,2024/02/10,2024/07/21,"{""2024"": 2}"
@ZaneLittle,Zane Little,チャンネル登録者数 135万人,1350000.0,2018/07/05 に登録,"526,388,734回視聴",478 本の動画,アメリカ合衆国,48,545000.0,10250000.0,2,1600000.0,2680000.0,545000.0,2026-05-15,2026-10-05,0.73,3,2024/02/23,2025/11/30,"{""2024"": 1, ""2025"": 2}"
@MWmeme,MW meme,チャンネル登録者数 54.5万人,545000.0,2018/07/08 に登録,"195,809,104回視聴",193 本の動画,アメリカ合衆国,48,77500.0,14650000.0,1,310000.0,310000.0,77000.0,2026-08-08,2026-09-19,2.5,1,2025/01/18,2025/01/18,"{""2025"": 1}"
@Gigaverse,,,,,,,,,,,,,,,,,,,,,
@HandsomeJack-theBigDevil,杰克大魔王㊣,チャンネル登録者数 1090万人,10900000.0,2023/08/09 に登録,"5,118,874,291回視聴",241 本の動画,香港,48,2090000.0,27030000.0,4,3255000.0,22670000.0,1930000.0,2026-07-24,2026-10-01,1.52,3,2025/08/22,2025/11/03,"{""2025"": 3}"
@crcat-H,クロム,チャンネル登録者数 5.92万人,59200.0,2024/09/16 に登録,"119,720,497回視聴",353 本の動画,日本,48,125000.0,1980000.0,0,,,125000.0,2026-09-15,2026-10-06,5.0,3,2025/12/16,2025/12/20,"{""2025"": 3}"
@AikoMakesArt,Aiko Makes Art 🎨 愛子アート,チャンネル登録者数 8720人,8720.0,2025/12/02 に登録,"11,564,817回視聴",37 本の動画,,37,93000.0,4700000.0,37,93000.0,4700000.0,,2026-01-22,2026-02-19,3.75,3,2026/01/07,2026/01/25,"{""2026"": 3}"
@WashuAsuka,鷲羽アスカ / Washu Asuka,チャンネル登録者数 12.9万人,129000.0,2024/02/13 に登録,"101,755,890回視聴",679 本の動画,日本,48,92500.0,24510000.0,11,950000.0,13270000.0,23000.0,2026-09-21,2026-10-06,7.0,1,2025/12/07,2025/12/07,"{""2025"": 1}"
@AnimeThemedItemsChannel,えーてぃーあい ちゃんねる【Anime Themed Items Channel】,チャンネル登録者数 184万人,1840000.0,2021/01/13 に登録,"1,429,308,741回視聴","1,053 本の動画",日本,48,695000.0,4990000.0,4,150000.0,470000.0,705000.0,2026-09-01,2026-09-30,3.62,2,2026/01/15,2026/01/30,"{""2026"": 2}"
@pixelarthololive,ドット絵Hololive　きゃりぺい,チャンネル登録者数 3510人,3510.0,2024/06/15 に登録,"1,204,343回視聴",75 本の動画,日本,48,8028.0,320000.0,2,35500.0,44000.0,7595.0,2025-11-22,2026-05-04,0.64,2,2025/11/26,2025/11/30,"{""2025"": 2}"
@yuzu.zakuro,ゆずざくろ,チャンネル登録者数 10.4万人,104000.0,2024/08/20 に登録,"157,793,779回視聴",117 本の動画,日本,48,170000.0,110000000.00000001,2,710000.0,1130000.0,150000.0,2026-07-30,2026-10-02,1.64,1,2026/08/25,2026/08/25,"{""2026"": 1}"
@zainintenkousei,罪人転校生,チャンネル登録者数 21.8万人,218000.0,2024/07/26 に登録,"309,448,691回視聴",259 本の動画,日本,48,830000.0,4300000.0,2,830000.0,1240000.0,830000.0,2026-01-09,2026-07-24,0.54,1,2025/05/13,2025/05/13,"{""2025"": 1}"
@MAZETA,まぜ太😈🔥,チャンネル登録者数 110万人,1100000.0,2015/11/12 に登録,"295,962,808回視聴",563 本の動画,,48,450000.0,2540000.0,0,,,450000.0,2026-08-21,2026-09-29,2.69,1,2024/01/09,2024/01/09,"{""2024"": 1}"
@%E3%81%AB%E3%82%87%E3%81%AB%E3%82%87%E3%81%AB%E3%82%87%E3%82%A2%E3%83%8B%E3%83%A1%E3%83%BC%E3%82%B7%E3%83%A7%E3%83%B3-f7i,アニメーにょン,チャンネル登録者数 1210人,1210.0,2025/05/24 に登録,"2,205,988回視聴",7 本の動画,,5,220000.0,1560000.0,1,1560000.0,1560000.0,146500.0,2025-05-24,2025-09-14,0.43,1,2025/09/14,2025/09/14,"{""2025"": 1}"
@mikoto11,みこと,チャンネル登録者数 13.9万人,139000.0,2022/07/31 に登録,"44,030,192回視聴",180 本の動画,日本,48,265000.0,1100000.0,1,350000.0,350000.0,260000.0,2026-06-20,2026-10-06,0.97,1,2025/12/19,2025/12/19,"{""2025"": 1}"
@omame3460,おまめサンシローTV,チャンネル登録者数 89.2万人,892000.0,2012/12/20 に登録,"1,516,505,215回視聴","7,759 本の動画",,48,79000.0,290000.0,0,,,79000.0,2026-09-24,2026-10-06,8.75,2,2025/07/26,2026/01/04,"{""2025"": 1, ""2026"": 1}"
@Sneaker_Step,すにすて【公式】SneakerStep  - スニーカーステップ - STPR新人歌い手グループ,チャンネル登録者数 109万人,1090000.0,2025/02/17 に登録,"229,252,350回視聴",592 本の動画,日本,48,200000.0,1500000.0,4,160000.0,190000.0,225000.0,2026-09-24,2026-10-06,8.75,1,2026/10/06,2026/10/06,"{""2026"": 1}"
@starpola,,,,,,,,,,,,,,,,,,,,,
@prismajica,魔法少女プリズマジカ【YouTubeアニメ】,チャンネル登録者数 14万人,140000.0,2021/11/20 に登録,"75,769,893回視聴",172 本の動画,日本,48,46000.0,5330000.0,2,265000.0,510000.0,46000.0,2026-08-14,2026-09-12,3.62,1,2026/08/25,2026/08/25,"{""2026"": 1}"
@kawaiiJAMneko,ジャムネコ,チャンネル登録者数 2870人,2870.0,2010/05/22 に登録,"51,083回視聴",19 本の動画,日本,15,426.0,16000.0,1,829.0,829.0,412.0,2025-09-16,2025-10-14,3.75,1,2025/10/14,2025/10/14,"{""2025"": 1}"
@sein0suke,せいのすけ,チャンネル登録者数 1580人,1580.0,2018/06/17 に登録,"1,182,232回視聴",163 本の動画,日本,48,4107.5,34000.0,0,,,4107.5,2026-08-18,2026-10-06,2.14,1,2026/01/02,2026/01/02,"{""2026"": 1}"
@saikikomari_np,斎木こまり SaikiKomari,チャンネル登録者数 6.75万人,67500.0,2023/12/28 に登録,"22,561,771回視聴",626 本の動画,日本,48,170000.0,940000.0,20,330000.0,870000.0,120000.0,2026-09-05,2026-10-04,3.62,2,2025/09/26,2025/12/08,"{""2025"": 2}"
@Prima.Merill_Ch,Prima.Merill Ch,チャンネル登録者数 12万人,120000.0,2020/03/25 に登録,"67,951,603回視聴","1,149 本の動画",日本,48,16500.0,110000.0,0,,,16500.0,2026-09-27,2026-10-07,10.5,1,2025/12/17,2025/12/17,"{""2025"": 1}"
@fal_mika,FALMIKA Ch. ファルミカ,チャンネル登録者数 1.62万人,16200.000000000002,2025/06/01 に登録,"6,019,439回視聴",434 本の動画,日本,48,3888.5,1830000.0,1,230000.0,230000.0,3722.0,2026-09-22,2026-10-05,8.08,1,2025/12/18,2025/12/18,"{""2025"": 1}"
@SpaceBirbLizzy,SpaceBirbLizzy,チャンネル登録者数 5840人,5840.0,2012/07/21 に登録,"4,729,258回視聴",299 本の動画,,48,1994.5,92000.0,1,591.0,591.0,2003.0,2026-08-14,2026-10-06,1.98,1,2025/12/08,2025/12/08,"{""2025"": 1}"
@utut_2525,ゆたくん【すにすて】,チャンネル登録者数 17.2万人,172000.0,2017/01/23 に登録,"105,288,176回視聴",814 本の動画,日本,48,195000.0,1020000.0,0,,,195000.0,2026-08-22,2026-10-05,2.39,1,2024/08/26,2024/08/26,"{""2024"": 1}"
@salmon.kamaso,さーもん。,チャンネル登録者数 450人,450.0,2022/09/22 に登録,"133,832回視聴",148 本の動画,,48,261.0,81000.0,1,7804.0,7804.0,253.0,2025-01-10,2026-08-28,0.18,1,2024/02/19,2024/02/19,"{""2024"": 1}"
